driver_id,driver_name,vehicle_number,vehicle_type,experience_years,city,joining_date,driver_rating
D0001,Urmi Vohra,DL53B2789,Sedan,2,Gurugram,2022-12-10,3.6
D0002,Edhitha Luthra,DL16B2052,SUV,1,Noida,2020-03-04,4.2
D0003,Yagnesh Narasimhan,DL87A1155,Mini,5,Delhi,2020-08-01,4.5
D0004,Vihaan Shah,DL06A4458,Bike,13,Delhi,2021-03-12,4.1
D0005,Wridesh Saxena,DL67B8961,Auto,13,Gurugram,2024-09-30,4.4
D0006,Janaki Buch,DL44B6620,SUV,14,Noida,2021-07-05,4.9
D0007,Janaki Sule,DL86B7200,Bike,1,Gurugram,2023-08-31,4.8
D0008,Saumya Sahota,DL13A8486,Auto,12,Noida,2020-06-20,3.5
D0009,Yash Reddy,DL16C5578,Sedan,6,Ghaziabad,2024-04-01,4.4
D0010,Abha Mangat,DL85B9436,Auto,11,Noida,2021-06-03,3.5
D0011,Jacob Bumb,DL82B1272,SUV,14,Delhi,2021-12-28,5.0
D0012,Yashasvi Divan,DL95B8279,Sedan,10,Ghaziabad,2023-06-01,4.1
D0013,Rudra Gole,DL79A6707,Auto,15,Ghaziabad,2025-12-20,5.0
D0014,Alexander Ganesan,DL90A7305,SUV,10,Noida,2019-07-18,4.6
D0015,Adya Singhal,DL67C9267,Mini,3,Ghaziabad,2024-10-31,4.7
D0016,Jonathan Bandi,DL39C9990,Auto,3,Ghaziabad,2025-08-10,4.9
D0017,Arjun Ganesan,DL62C9858,Sedan,4,Noida,2019-02-19,3.8
D0018,Yutika Wagle,DL85C2465,Mini,7,Delhi,2026-05-01,3.7
D0019,Pahal Pandya,DL42B5593,Sedan,12,Gurugram,2019-08-07,4.5
D0020,Wyatt Memon,DL86A3224,Bike,11,Ghaziabad,2019-07-12,3.6
D0021,Gayathri Chokshi,DL89B4666,Bike,13,Delhi,2024-08-28,4.5
D0022,Ethan Pant,DL49C7252,Bike,14,Ghaziabad,2022-05-02,4.7
D0023,Shivani Sarin,DL29B2895,SUV,2,Delhi,2020-12-22,3.6
D0024,Krish Goswami,DL95C4082,Mini,10,Gurugram,2024-09-02,3.7
D0025,Max Amble,DL41B1027,SUV,1,Noida,2023-07-26,4.8
D0026,Sudiksha Raghavan,DL55B6980,Sedan,9,Noida,2021-03-29,3.7
D0027,Patrick Trivedi,DL02C8546,SUV,3,Gurugram,2024-08-29,4.8
D0028,Gunbir Kata,DL64C8467,Sedan,10,Gurugram,2021-01-16,3.7
D0029,Harita Bava,DL86C1562,Bike,6,Gurugram,2023-04-25,4.3
D0030,Bhavika Naidu,DL89A5480,Bike,8,Noida,2021-10-13,4.2
D0031,Pranav Dhar,DL91B1963,SUV,3,Noida,2018-11-15,4.8
D0032,Qushi Venkataraman,DL29C1861,Sedan,14,Ghaziabad,2020-11-18,4.6
D0033,Hardik Palan,DL39C3608,Mini,9,Ghaziabad,2020-12-08,4.0
D0034,Jagat Mani,DL87B6706,Auto,7,Delhi,2020-11-04,4.3
D0035,Reva Kapur,DL37B4196,Bike,7,Delhi,2026-01-17,3.7
D0036,Bhavya Lad,DL97C1886,SUV,8,Noida,2023-09-03,4.4
D0037,Vincent Mallick,DL57C8904,SUV,15,Noida,2019-09-19,3.8
D0038,Samuel Trivedi,DL96A1149,SUV,12,Delhi,2024-12-08,4.5
D0039,Ayaan Baral,DL19B7997,Sedan,15,Delhi,2026-02-03,3.6
D0040,Abeer Suresh,DL61A1859,Mini,9,Gurugram,2025-08-06,4.4
D0041,Kala Jani,DL20C7619,Sedan,1,Delhi,2020-11-29,3.9
D0042,Sai Verma,DL63B3826,Auto,13,Delhi,2019-08-04,4.7
D0043,Chakrika Choudhary,DL84B5509,Auto,6,Delhi,2024-08-10,3.7
D0044,Sai Sankaran,DL11A9015,Bike,4,Delhi,2022-09-17,4.4
D0045,Gabriel Devan,DL74B5484,Mini,13,Noida,2020-11-19,4.1
D0046,Irya Brar,DL83C8105,SUV,10,Noida,2024-11-05,3.6
D0047,Falan Narain,DL09C9806,Sedan,7,Delhi,2019-11-06,4.1
D0048,Anya Setty,DL69C9004,Mini,9,Delhi,2023-11-18,4.6
D0049,Divya Barad,DL27C2922,Sedan,14,Noida,2022-03-15,3.5
D0050,Eesha Gupta,DL58B3015,Mini,3,Noida,2025-09-03,4.5
D0051,Abhiram Korpal,DL12C5206,Mini,2,Delhi,2019-09-06,4.3
D0052,Thomas Hayre,DL47C3811,Auto,11,Delhi,2020-10-09,3.9
D0053,Max Sundaram,DL06C5807,Bike,8,Noida,2025-06-09,4.4
D0054,Watika Mandal,DL89B9563,SUV,10,Noida,2019-08-21,4.5
D0055,Gaurang Varty,DL85A4884,Mini,4,Noida,2025-10-22,3.9
D0056,Aarush Saraf,DL28A4539,Bike,6,Gurugram,2019-02-01,3.7
D0057,Sathvik Gokhale,DL80B2218,Bike,5,Gurugram,2018-11-05,4.1
D0058,Adya Rai,DL21B8472,Mini,5,Ghaziabad,2023-11-19,4.9
D0059,Ikshita Sule,DL19C4338,Mini,11,Gurugram,2023-01-11,5.0
D0060,Charita Kata,DL90C4156,SUV,10,Noida,2025-12-16,4.1
D0061,Vedhika Suri,DL20B8104,Auto,1,Noida,2025-04-17,3.6
D0062,Ishanvi Srivastava,DL16C2802,Bike,7,Delhi,2021-01-10,4.0
D0063,Theodore Chowdhury,DL12B6464,SUV,3,Noida,2026-01-03,3.9
D0064,Oni Sekhon,DL13B4640,Auto,2,Delhi,2021-04-13,3.8
D0065,Pavani D’Alia,DL94B9021,Mini,9,Gurugram,2020-01-06,4.6
D0066,Eiravati Comar,DL37C5440,Bike,2,Delhi,2021-06-21,3.8
D0067,Kabir Sule,DL97B3960,SUV,13,Ghaziabad,2025-08-30,4.2
D0068,Nisha Keer,DL17B1155,Bike,12,Noida,2018-10-05,4.5
D0069,Amrita Tripathi,DL19B5380,Mini,15,Gurugram,2020-05-06,4.6
D0070,Darsh Naidu,DL32C7852,Auto,3,Ghaziabad,2020-09-27,5.0
D0071,Nisha Raman,DL60C5699,SUV,7,Noida,2025-05-25,4.0
D0072,Pavani Rastogi,DL12B7660,SUV,14,Delhi,2020-09-24,4.5
D0073,Amrita Sunder,DL10C4932,Mini,3,Delhi,2024-09-16,3.6
D0074,Harinakshi Bath,DL37C9074,Mini,7,Noida,2021-02-20,4.2
D0075,Nimrat Kant,DL66C9722,Mini,7,Delhi,2023-05-21,4.4
D0076,Samuel Choudhary,DL96A7962,Bike,12,Gurugram,2023-09-25,3.9
D0077,Kai Zacharia,DL95C9652,Bike,1,Ghaziabad,2018-09-07,4.9
D0078,Ladli Chana,DL87C4687,Sedan,2,Gurugram,2025-02-25,4.8
D0079,Ira Bhatnagar,DL66B1834,Auto,8,Ghaziabad,2024-02-01,3.8
D0080,Zilmil Kade,DL15B5092,Bike,14,Delhi,2021-08-05,3.9
D0081,Naksh Wason,DL62B5337,Sedan,1,Ghaziabad,2021-11-17,3.8
D0082,Bina Edwin,DL40C9446,Mini,15,Ghaziabad,2026-04-06,4.8
D0083,Garima Sachdev,DL63A6828,Mini,10,Ghaziabad,2020-05-07,4.0
D0084,Agastya Banik,DL46A1084,SUV,15,Noida,2025-09-15,4.1
D0085,Harsh Thaker,DL02A8058,Auto,4,Delhi,2021-11-25,4.3
D0086,Brijesh Dugar,DL20B3029,Auto,1,Noida,2020-12-03,4.7
D0087,Arjun Karpe,DL33A8711,Auto,6,Gurugram,2023-11-21,4.0
D0088,Bahadurjit Magar,DL24C5415,Mini,8,Ghaziabad,2024-11-22,3.7
D0089,Krishna Rattan,DL46C8110,Mini,6,Noida,2019-08-19,3.7
D0090,Frado Bose,DL37A3190,Auto,7,Gurugram,2019-02-22,4.9
D0091,Anmol Aurora,DL21C4260,Auto,11,Gurugram,2024-10-31,3.7
D0092,Girish Raman,DL63C9119,Sedan,6,Ghaziabad,2020-03-02,4.3
D0093,Ekiya Sandal,DL95B3153,Mini,2,Delhi,2022-11-15,3.7
D0094,Chasmum Mahal,DL45C1223,Sedan,1,Gurugram,2022-06-02,4.1
D0095,Harish Lalla,DL77C1131,Auto,8,Gurugram,2024-02-05,3.9
D0096,Krisha Manne,DL11B5059,Bike,3,Noida,2022-03-03,3.9
D0097,Tristan Ray,DL99A5317,Sedan,11,Ghaziabad,2023-04-15,3.8
D0098,Vasudha Mane,DL91A9230,Bike,3,Noida,2026-03-28,5.0
D0099,Lavanya Badal,DL76C3436,Sedan,2,Noida,2022-09-29,4.1
D0100,Kashish Chokshi,DL36A3395,Auto,1,Noida,2022-05-13,3.6
D0101,Aryan Ranganathan,DL07B7673,Bike,5,Noida,2025-01-28,3.8
D0102,Sanya Pingle,DL55B2005,Bike,7,Delhi,2022-07-28,4.0
D0103,Deepa Natarajan,DL35B5596,SUV,12,Ghaziabad,2019-09-27,3.9
D0104,Girish Gara,DL07A1669,Mini,1,Gurugram,2020-04-13,3.8
D0105,Zaid Chacko,DL61B2650,Auto,3,Gurugram,2019-09-20,4.9
D0106,Urvashi Virk,DL47B5986,Mini,2,Delhi,2024-08-31,4.5
D0107,Daniel Tak,DL99A6426,SUV,12,Gurugram,2020-08-29,4.6
D0108,Deepa Nazareth,DL76C7088,Sedan,11,Gurugram,2025-08-12,3.8
D0109,Balhaar Nagy,DL50A2742,Sedan,11,Delhi,2024-05-17,3.6
D0110,Abdul Loyal,DL84A4160,Auto,15,Delhi,2024-05-21,3.6
D0111,Vrinda Tata,DL70C6618,SUV,12,Ghaziabad,2021-03-06,5.0
D0112,Ekanta Shenoy,DL26C3517,Mini,3,Noida,2024-07-18,4.1
D0113,Yoshita Bumb,DL92B6690,SUV,8,Delhi,2026-05-09,4.9
D0114,Pavani Brahmbhatt,DL09B7864,Bike,15,Delhi,2021-09-17,3.8
D0115,Agastya Edwin,DL36C3112,SUV,1,Delhi,2022-12-09,4.7
D0116,Ojas Hora,DL89A7512,Auto,11,Delhi,2022-03-28,3.7
D0117,Balvan Samra,DL97C7293,Bike,13,Ghaziabad,2022-09-23,4.1
D0118,Vidhi Dey,DL35A4015,Mini,3,Noida,2024-11-20,4.4
D0119,Mohini Andra,DL02C8461,Bike,12,Gurugram,2021-01-14,4.0
D0120,Radhika Menon,DL29B5399,Bike,2,Noida,2024-08-21,3.8
D0121,Ekantika Prabhu,DL69A5781,Mini,11,Noida,2023-04-24,4.9
D0122,Lohit Mannan,DL36A5430,Mini,11,Noida,2022-12-19,5.0
D0123,Kamya Venkataraman,DL27C2903,Mini,11,Gurugram,2023-08-29,4.4
D0124,Urmi Shere,DL48B2363,Bike,5,Noida,2020-04-22,4.1
D0125,Krishna Gala,DL79B6318,Mini,11,Delhi,2022-12-23,4.7
D0126,Advaith Nadkarni,DL29C5582,Sedan,5,Delhi,2022-01-21,4.3
D0127,Mason Singhal,DL75A7258,SUV,14,Noida,2019-02-01,4.7
D0128,Devika Guha,DL29B5403,Sedan,10,Ghaziabad,2020-03-18,3.7
D0129,Tara Narayanan,DL30C8109,SUV,3,Ghaziabad,2019-04-28,3.6
D0130,Upadhriti Dugar,DL24B4031,Sedan,4,Ghaziabad,2019-01-31,4.9
D0131,Upkaar Pai,DL24C5621,Mini,5,Noida,2023-11-12,4.8
D0132,Reyansh Maharaj,DL51C4077,Mini,3,Delhi,2020-12-06,4.1
D0133,Damini Pillai,DL59C7594,Mini,12,Noida,2023-10-30,4.6
D0134,Aachal Jain,DL02C2633,Auto,7,Delhi,2019-03-05,3.7
D0135,Harshil Kalita,DL02C1716,Sedan,4,Delhi,2020-11-23,3.9
D0136,Adya Chaudry,DL81C1221,Mini,13,Delhi,2019-08-05,4.3
D0137,Ganga Malhotra,DL44C2392,Sedan,3,Ghaziabad,2025-05-20,4.6
D0138,Shaurya Ganguly,DL57A6036,SUV,8,Noida,2018-07-16,3.9
D0139,Tarak Chand,DL70C5382,Bike,2,Delhi,2026-06-04,4.7
D0140,Luke Gala,DL14C5861,Mini,9,Ghaziabad,2022-07-24,3.7
D0141,Ekiya Brahmbhatt,DL29A4713,Auto,7,Noida,2026-02-19,4.0
D0142,Laksh Vaidya,DL37A7303,Mini,8,Noida,2025-05-19,5.0
D0143,Pavani Sodhi,DL29A5617,SUV,2,Gurugram,2021-04-19,3.7
D0144,Xiti Dalal,DL11A3475,Sedan,7,Gurugram,2020-07-25,4.4
D0145,Krishna Rajan,DL87B3461,SUV,10,Gurugram,2024-07-10,4.0
D0146,Isha Muni,DL14B9179,SUV,15,Gurugram,2025-08-25,4.7
D0147,Farhan Kala,DL92A1035,Sedan,13,Noida,2019-12-06,4.0
D0148,Luke Sarkar,DL50B8838,Mini,2,Ghaziabad,2023-04-14,4.9
D0149,Vrishti Krishna,DL36A2481,SUV,3,Noida,2024-05-06,4.7
D0150,Radhika Pall,DL46B9097,Auto,8,Ghaziabad,2020-01-12,4.4
D0151,Jasmit Shukla,DL82B3264,Sedan,7,Ghaziabad,2025-01-26,4.3
D0152,Panini Kala,DL69C9070,Bike,9,Noida,2023-10-06,4.1
D0153,Lavanya Prasad,DL75C7911,Bike,10,Noida,2020-01-15,4.6
D0154,Rohan Sathe,DL31B1046,Sedan,14,Delhi,2021-08-02,4.0
D0155,Abdul Mukherjee,DL61A2804,Mini,15,Gurugram,2021-04-23,4.0
D0156,Jyoti Kulkarni,DL18B8543,Sedan,14,Ghaziabad,2022-10-17,3.9
D0157,Anjali Bandi,DL29A3257,Mini,12,Noida,2024-01-08,4.1
D0158,Varenya Rao,DL04C7958,SUV,1,Delhi,2018-11-21,4.5
D0159,Anusha Bhandari,DL10B3591,Mini,3,Gurugram,2023-05-20,3.7
D0160,Urishilla Sha,DL32A1204,Bike,14,Ghaziabad,2022-09-08,3.7
D0161,Urvashi Chawla,DL24B3295,Bike,12,Gurugram,2018-11-03,4.2
D0162,Ayush Dua,DL93B8274,Mini,5,Delhi,2024-07-08,3.7
D0163,Karan Butala,DL83A3843,Bike,3,Delhi,2022-01-31,4.1
D0164,Daksh Sawhney,DL55C8443,Bike,12,Gurugram,2023-12-09,4.9
D0165,Dipta Chatterjee,DL65B4724,Auto,15,Noida,2025-10-24,3.9
D0166,Rishi Badal,DL12C7185,Sedan,12,Noida,2021-05-06,4.1
D0167,Omkaar Peri,DL08A7427,Sedan,14,Delhi,2022-11-28,4.7
D0168,Neha Saha,DL60B6131,Auto,14,Ghaziabad,2025-08-22,3.7
D0169,Dhruv Hans,DL48C7950,Sedan,5,Delhi,2025-07-14,3.7
D0170,Amara Chacko,DL47C6496,Mini,4,Gurugram,2019-12-26,3.7
D0171,Chaitanya Majumdar,DL14A4471,Bike,1,Gurugram,2023-09-10,3.8
D0172,Yashasvi Rout,DL26C1530,Sedan,5,Delhi,2019-12-27,5.0
D0173,Deepa Mahal,DL73A8926,Mini,1,Gurugram,2023-04-14,3.6
D0174,Jacob Om,DL40A6843,SUV,7,Noida,2022-06-25,4.0
D0175,Ubika Chakrabarti,DL51C6830,Sedan,12,Delhi,2019-07-04,4.0
D0176,Qabil Chadha,DL95C2654,Bike,13,Noida,2020-02-04,3.5
D0177,Anmol Gara,DL49B1612,SUV,3,Noida,2025-03-23,4.5
D0178,Teerth Prasad,DL11C2528,Sedan,15,Noida,2022-06-07,4.7
D0179,Yatin Morar,DL84A3638,Bike,9,Gurugram,2025-08-21,4.2
D0180,Kevin Mukherjee,DL17B5765,SUV,10,Ghaziabad,2018-12-20,3.6
D0181,Bhavini Gokhale,DL92C7350,Sedan,4,Delhi,2020-11-20,4.9
D0182,Diya Sachdev,DL73C9151,Mini,13,Delhi,2020-06-09,3.7
D0183,Anjali Iyengar,DL40C2428,Auto,2,Ghaziabad,2020-01-09,4.0
D0184,Aashi Sarraf,DL38A2116,SUV,10,Gurugram,2020-10-06,4.0
D0185,Vrishti Pant,DL10A8548,SUV,8,Gurugram,2023-06-09,4.6
D0186,Ikshita Virk,DL57C3301,Mini,10,Ghaziabad,2022-05-05,3.6
D0187,Balhaar Rajan,DL37B7701,Bike,15,Noida,2019-11-03,4.2
D0188,Radha Palan,DL66C6138,SUV,2,Ghaziabad,2024-01-05,4.3
D0189,Sarthak Oommen,DL34C1699,Bike,11,Delhi,2024-06-19,4.6
D0190,Gautam Varghese,DL32C1130,Sedan,14,Delhi,2025-02-03,3.9
D0191,Aarna Kamdar,DL21C7541,Mini,4,Ghaziabad,2022-06-30,4.8
D0192,Azad D’Alia,DL86A6716,Auto,8,Ghaziabad,2022-11-30,3.7
D0193,Vaishnavi Dey,DL24C2775,Auto,13,Ghaziabad,2022-06-28,3.8
D0194,Kashish Purohit,DL43A6198,SUV,10,Ghaziabad,2024-02-12,3.8
D0195,Ekantika Cheema,DL95B2873,SUV,8,Delhi,2023-11-14,4.3
D0196,Abhiram Dutt,DL61A4497,SUV,10,Delhi,2022-02-06,5.0
D0197,Gaurika Nayar,DL49A6922,Auto,8,Noida,2024-01-10,3.6
D0198,Rachit Parmar,DL03C7929,SUV,5,Noida,2021-02-13,3.6
D0199,Unni Grewal,DL09B7636,Mini,5,Ghaziabad,2024-11-29,4.8
D0200,Reva Shan,DL68A5250,Sedan,14,Delhi,2023-07-26,3.6
D0201,Mohini Solanki,DL55B5864,Sedan,4,Gurugram,2025-08-11,4.9
D0202,Zayyan Prakash,DL62B9773,Sedan,12,Ghaziabad,2023-08-18,4.0
D0203,Vasudha Rattan,DL89C7375,Mini,9,Noida,2021-01-25,3.6
D0204,Vivaan Tripathi,DL86C3369,SUV,11,Gurugram,2019-06-08,3.5
D0205,Pooja Luthra,DL59A9182,SUV,2,Ghaziabad,2023-06-06,3.9
D0206,Ayush Gade,DL93A8381,Sedan,11,Ghaziabad,2022-11-15,4.5
D0207,Charita Viswanathan,DL75A1597,Sedan,12,Noida,2020-03-15,4.1
D0208,Kalpit Nath,DL70A7185,Sedan,6,Noida,2025-03-22,4.9
D0209,Gautam More,DL87C1235,SUV,14,Gurugram,2025-04-05,3.5
D0210,Hiral Shanker,DL40C3043,Auto,11,Ghaziabad,2021-11-19,4.1
D0211,Triveni Acharya,DL46B9887,Auto,9,Gurugram,2024-02-13,3.7
D0212,Sai Gera,DL23B8018,SUV,3,Noida,2021-01-29,4.3
D0213,Faris Goyal,DL49B8167,SUV,12,Delhi,2020-07-10,5.0
D0214,Rajeshri Chana,DL14A1269,Bike,15,Ghaziabad,2024-09-03,3.7
D0215,Mitesh Prasad,DL96C9924,Mini,11,Ghaziabad,2018-07-23,4.3
D0216,Nathaniel Padmanabhan,DL05C5749,Auto,4,Noida,2019-05-14,4.7
D0217,Meera Kala,DL71B2875,Sedan,14,Ghaziabad,2026-04-13,4.9
D0218,Krisha Sheth,DL45B7765,Auto,1,Gurugram,2024-07-10,4.7
D0219,Gopal Ram,DL65B5384,SUV,5,Ghaziabad,2019-08-11,4.5
D0220,Kiaan Ratta,DL01B1535,Mini,1,Noida,2025-02-03,4.7
D0221,Barkha Samra,DL67C6201,SUV,3,Ghaziabad,2023-08-05,3.9
D0222,Ekbal Palan,DL51A7444,Mini,13,Ghaziabad,2022-09-02,3.7
D0223,Tristan Gokhale,DL82B3846,Auto,15,Gurugram,2025-01-17,4.3
D0224,Jyoti Pathak,DL56A2631,Sedan,9,Delhi,2021-05-28,4.4
D0225,Mitali Brahmbhatt,DL51C5263,Bike,3,Gurugram,2024-01-03,3.8
D0226,Lakshit Tata,DL12A8166,Mini,11,Noida,2020-02-12,3.5
D0227,Siddharth Mittal,DL91C2290,Bike,7,Delhi,2022-03-21,4.6
D0228,Harinakshi Rajagopalan,DL17B6867,Sedan,4,Noida,2024-01-30,3.9
D0229,Pavani Dora,DL69A7194,SUV,11,Delhi,2020-12-09,3.9
D0230,Lila Srivastava,DL19C1379,Bike,14,Delhi,2018-10-24,3.7
D0231,Oviya Gola,DL77A2754,Sedan,5,Gurugram,2019-11-28,4.8
D0232,Zansi Cherian,DL12A9097,SUV,15,Noida,2022-06-21,4.1
D0233,Hiral Chaudhuri,DL63A7778,Mini,8,Delhi,2024-02-04,3.8
D0234,Advik Dyal,DL54B6137,Auto,13,Noida,2021-03-25,3.8
D0235,Yashica Rajagopalan,DL02A1515,Mini,6,Gurugram,2024-05-09,4.2
D0236,Advay Sunder,DL79C9953,Mini,3,Gurugram,2024-01-29,4.9
D0237,Pahal Bhagat,DL25C1484,Bike,1,Noida,2021-02-03,3.8
D0238,Aarna D’Alia,DL47A4554,Mini,6,Noida,2023-08-26,3.8
D0239,Yadavi Pradhan,DL94C3073,SUV,5,Ghaziabad,2025-02-27,3.8
D0240,Gautami Warrior,DL12B5822,Auto,12,Ghaziabad,2021-08-14,4.2
D0241,Praneel Samra,DL52A5097,Sedan,4,Gurugram,2023-01-14,4.9
D0242,Fariq Doctor,DL14C6105,Sedan,13,Noida,2018-07-29,4.9
D0243,Aarna Hora,DL63B8309,Auto,10,Gurugram,2022-11-23,4.7
D0244,Radhika Bava,DL80A7275,Auto,4,Gurugram,2022-06-20,4.1
D0245,Balveer Dara,DL81A8363,Sedan,15,Delhi,2025-11-24,4.9
D0246,Triveni Peri,DL33C7714,SUV,10,Gurugram,2018-12-10,4.1
D0247,Zayyan Sandal,DL15A6286,Auto,13,Noida,2021-05-21,4.0
D0248,Arjun Loke,DL10A7089,SUV,3,Gurugram,2020-01-14,3.7
D0249,Ishanvi Sahni,DL41C1178,SUV,4,Ghaziabad,2018-08-31,4.4
D0250,Ekta Mishra,DL42A2085,Auto,5,Noida,2023-12-04,4.3
D0251,Isaac Parikh,DL14C5555,Bike,15,Delhi,2024-09-27,4.4
D0252,Meghana Kothari,DL83B8130,SUV,14,Gurugram,2020-01-03,3.8
D0253,Girindra Date,DL07B9169,Mini,5,Ghaziabad,2024-09-12,3.7
D0254,Wakeeta Sankar,DL58A6355,Bike,7,Noida,2026-02-09,4.4
D0255,Hemani Shanker,DL37A1076,Auto,5,Noida,2024-05-17,4.8
D0256,Tara Baria,DL52A9740,Bike,1,Gurugram,2019-03-02,4.5
D0257,Kashish Barad,DL09B2558,Auto,12,Gurugram,2019-10-06,3.9
D0258,Lavanya Vala,DL97B7559,Mini,9,Gurugram,2024-09-07,4.2
D0259,Geetika Mittal,DL07B5889,Auto,8,Delhi,2022-02-09,4.8
D0260,Anthony Gour,DL80A1479,Sedan,1,Delhi,2024-11-13,3.7
D0261,Fariq Sant,DL42C8138,Sedan,3,Delhi,2019-07-04,3.8
D0262,Advika Mitter,DL48C1080,Mini,5,Delhi,2023-10-02,3.7
D0263,Chandran Prasad,DL39A5320,SUV,12,Ghaziabad,2023-05-24,3.9
D0264,Tanveer Sarkar,DL22A8548,Mini,3,Gurugram,2020-11-07,4.8
D0265,Aradhana Thaker,DL97C7771,Auto,11,Delhi,2024-03-24,4.3
D0266,Mohini Golla,DL31C8830,Auto,5,Gurugram,2024-04-14,4.7
D0267,Anjali Ahluwalia,DL62A2504,SUV,13,Gurugram,2021-12-24,4.6
D0268,Anirudh Sachdeva,DL46C4971,Sedan,12,Delhi,2024-02-08,3.6
D0269,Anvi Loke,DL64A4481,Mini,11,Noida,2022-06-13,4.2
D0270,Gunbir Kant,DL50A8989,Mini,6,Noida,2020-06-05,4.7
D0271,Ekta Kant,DL98C9420,SUV,13,Gurugram,2019-01-21,4.6
D0272,Triveni Salvi,DL84A9265,Mini,15,Noida,2023-12-01,3.8
D0273,Lopa Soni,DL47B8412,Bike,9,Noida,2026-06-05,4.7
D0274,Hemal Oak,DL25A5552,Auto,3,Gurugram,2021-03-27,4.9
D0275,Sai Doshi,DL74C2672,Sedan,8,Delhi,2022-06-12,4.6
D0276,Shivansh Walia,DL31A8550,Sedan,5,Delhi,2024-06-13,4.2
D0277,Madhavi Kumer,DL68B6766,SUV,2,Delhi,2021-12-10,4.0
D0278,Farhan Sur,DL28A7503,Bike,7,Gurugram,2023-04-16,3.6
D0279,Fiyaz Johal,DL35B2602,Mini,11,Ghaziabad,2024-11-16,4.6
D0280,Daksha Manne,DL55A5816,Sedan,7,Noida,2024-11-25,4.4
D0281,Siya Sibal,DL68C9087,Bike,7,Delhi,2018-10-07,4.5
D0282,Ojas Pandey,DL83A2819,Sedan,2,Delhi,2023-04-28,4.8
D0283,Ojasvi Bajaj,DL74B4911,Mini,9,Delhi,2024-11-27,3.9
D0284,Vritti Keer,DL80C7628,Auto,7,Delhi,2021-09-15,3.8
D0285,Kritika Dasgupta,DL89B9112,Sedan,3,Noida,2019-05-05,4.0
D0286,Tejas Kakar,DL37C5718,Mini,2,Noida,2019-06-16,4.3
D0287,Pranav Dutt,DL90C8811,SUV,14,Noida,2025-01-14,3.8
D0288,Nilima Pandey,DL88A3730,Sedan,6,Ghaziabad,2024-11-27,3.7
D0289,Omya Mallick,DL02C8775,Auto,6,Delhi,2021-03-26,3.8
D0290,Hitesh Nadkarni,DL34A3797,Mini,10,Gurugram,2022-10-15,5.0
D0291,Umang Raval,DL75A9000,Sedan,8,Delhi,2022-09-22,3.6
D0292,Bhavini Sengupta,DL03C5762,Sedan,9,Noida,2019-11-07,4.6
D0293,Mugdha Mani,DL13A5990,SUV,8,Ghaziabad,2018-07-18,4.6
D0294,Ucchal Gera,DL70B8970,SUV,6,Ghaziabad,2024-04-30,3.5
D0295,Leela Sahota,DL46B6467,Bike,13,Ghaziabad,2022-01-27,3.7
D0296,Ranbir Balakrishnan,DL88C1339,Sedan,7,Noida,2023-10-12,4.5
D0297,Lakshit Thakur,DL19B9156,Mini,4,Ghaziabad,2019-03-15,4.0
D0298,Arin Nair,DL96A4175,Auto,11,Delhi,2023-09-14,4.9
D0299,Ojas Sodhi,DL81C9927,Auto,15,Noida,2024-05-03,3.9
D0300,Kamala Bajaj,DL87B6426,Auto,10,Ghaziabad,2024-11-01,4.9
D0301,Yasti Hans,DL36B4122,Mini,10,Gurugram,2025-09-30,4.8
D0302,Tanvi Pillay,DL16B8455,Bike,13,Gurugram,2024-08-31,3.9
D0303,Parth Sodhi,DL02B3410,Auto,11,Noida,2026-06-27,4.3
D0304,Ekantika Deo,DL38C3664,SUV,8,Gurugram,2021-01-03,3.6
D0305,Azaan Jhaveri,DL38A8436,Mini,4,Gurugram,2023-06-06,4.7
D0306,Tripti Konda,DL16A9001,SUV,1,Ghaziabad,2024-05-01,4.0
D0307,Wyatt Goel,DL01A5119,Sedan,6,Gurugram,2022-06-10,4.7
D0308,Garima Dutta,DL65C3540,Mini,12,Gurugram,2020-08-06,3.7
D0309,Ekaraj Amble,DL94A8078,Bike,15,Delhi,2024-11-18,3.9
D0310,Niharika Venkatesh,DL05B6810,Sedan,13,Ghaziabad,2022-07-07,4.1
D0311,Ekavir Sahni,DL13B5948,Bike,5,Noida,2020-09-22,4.3
D0312,Arjun Sarna,DL87B3280,Sedan,5,Noida,2022-08-09,4.1
D0313,Brinda Rao,DL26B5997,Mini,5,Ghaziabad,2025-07-24,4.3
D0314,Januja Ratta,DL49B2573,Sedan,9,Ghaziabad,2024-08-11,4.5
D0315,Priya Dash,DL65C6858,Auto,6,Ghaziabad,2019-05-25,4.2
D0316,Adweta Choudhury,DL53B1453,Bike,1,Ghaziabad,2024-08-28,3.6
D0317,Jeevika Sachar,DL18C5954,Sedan,10,Gurugram,2024-02-06,3.7
D0318,Lucky Kibe,DL70C5806,Mini,13,Ghaziabad,2025-04-13,3.7
D0319,Shivansh Lalla,DL86A8582,Bike,8,Delhi,2019-05-05,3.6
D0320,Ethan Shanker,DL35C2753,SUV,10,Delhi,2026-03-01,4.7
D0321,Yash Lad,DL73B6428,Mini,2,Delhi,2021-06-05,4.6
D0322,Sai Narayanan,DL67A9115,Sedan,4,Noida,2025-03-19,4.0
D0323,Aarna Maharaj,DL40C1105,Auto,10,Noida,2023-07-28,3.7
D0324,Logan Divan,DL01A2983,Bike,2,Noida,2022-12-15,3.8
D0325,Atharv Kant,DL61A9287,Auto,7,Delhi,2026-01-01,4.9
D0326,Janani Manne,DL39B8925,Sedan,14,Noida,2021-02-14,4.8
D0327,Dalaja Soman,DL70B8194,Bike,2,Ghaziabad,2024-07-31,3.7
D0328,Chaitaly Dubey,DL03A3321,Sedan,3,Noida,2024-11-03,4.2
D0329,Manan Master,DL38B2638,Bike,8,Gurugram,2025-10-28,4.5
D0330,Aarini Kari,DL51B2758,Auto,7,Ghaziabad,2018-10-03,3.7
D0331,Chavvi Divan,DL37B2968,Bike,7,Delhi,2023-06-27,4.4
D0332,Aashi Patla,DL05C8282,Mini,15,Gurugram,2024-08-25,4.9
D0333,Vansha Garde,DL60C8509,SUV,1,Noida,2021-06-11,4.0
D0334,Yachana Murthy,DL65A6715,Bike,7,Delhi,2022-12-19,3.8
D0335,Kritika Sundaram,DL20B6558,Auto,12,Noida,2024-01-12,3.9
D0336,Vasatika Gill,DL98C5963,Auto,2,Ghaziabad,2022-08-19,4.1
D0337,Akshay Bhattacharyya,DL61C3955,Bike,12,Gurugram,2021-06-05,3.7
D0338,Dayamai Jhaveri,DL42C6703,Bike,10,Ghaziabad,2020-06-03,3.6
D0339,Arunima Dar,DL04C3607,Sedan,2,Delhi,2024-01-17,4.2
D0340,Ishanvi Tara,DL87B6302,Sedan,13,Noida,2022-06-04,3.7
D0341,Vedant Jain,DL23C7292,Auto,15,Delhi,2021-08-10,3.6
D0342,Mohini Chaudhary,DL33A1613,Mini,8,Gurugram,2021-04-26,4.4
D0343,Anika Warrior,DL04A6261,Mini,12,Ghaziabad,2025-09-19,4.1
D0344,Daksh Sekhon,DL82C4272,Sedan,5,Ghaziabad,2023-05-03,4.2
D0345,Yash Kunda,DL37A4296,Sedan,7,Noida,2025-04-19,3.6
D0346,Yash Kari,DL04C2576,Sedan,1,Noida,2024-05-19,4.8
D0347,Peter Baria,DL47B9955,Mini,6,Noida,2023-09-12,4.5
D0348,Arunima Chand,DL94C9653,Auto,4,Noida,2024-11-01,4.4
D0349,Devansh Deo,DL61C6768,SUV,10,Noida,2022-12-17,4.7
D0350,Darsh Johal,DL57B7162,Mini,10,Delhi,2020-06-14,3.7
D0351,Vansha Shetty,DL67B2653,Mini,8,Noida,2019-05-09,3.6
D0352,Eiravati Bora,DL70B1369,Sedan,14,Gurugram,2020-03-09,4.9
D0353,Jackson Sathe,DL33B6863,Mini,14,Noida,2019-03-24,5.0
D0354,Rudra Chaudhry,DL10C4955,Bike,15,Gurugram,2023-02-17,4.1
D0355,Vidhi Mital,DL08C2816,Bike,8,Gurugram,2023-05-11,4.5
D0356,Qushi Choudhury,DL05B7904,SUV,4,Gurugram,2024-08-21,4.8
D0357,Robert Shan,DL08A4346,Bike,14,Gurugram,2018-07-09,4.9
D0358,Niharika Madan,DL85A4860,Auto,2,Delhi,2022-09-15,4.0
D0359,Falguni Tripathi,DL10B2320,Bike,8,Noida,2022-08-17,3.9
D0360,Chandani Lalla,DL06A1583,Auto,9,Noida,2025-11-22,4.5
D0361,Harita Maharaj,DL56B5971,Sedan,1,Delhi,2024-04-12,3.5
D0362,Ria Choudhury,DL26C7215,Mini,9,Ghaziabad,2024-12-13,3.6
D0363,Vinaya Ahuja,DL99B3051,Auto,12,Ghaziabad,2021-03-25,4.3
D0364,Warhi Gade,DL15B2933,Bike,15,Gurugram,2020-01-14,4.0
D0365,Rachana Modi,DL44B1949,Sedan,4,Delhi,2019-04-27,4.4
D0366,Hema Yohannan,DL30B9785,Bike,1,Delhi,2025-07-06,4.8
D0367,Rishi Chopra,DL32A2255,Mini,3,Ghaziabad,2025-01-02,3.8
D0368,Tanay Mohanty,DL06B6728,Bike,11,Noida,2022-10-13,5.0
D0369,Ekaja Wali,DL17C7517,Auto,11,Delhi,2022-07-13,4.5
D0370,Charita Kade,DL10B9907,Sedan,8,Gurugram,2023-05-17,4.8
D0371,Ekiya Dugar,DL29B5959,SUV,13,Gurugram,2020-02-24,4.8
D0372,Onveer Dugar,DL32C5383,SUV,12,Delhi,2023-09-15,3.6
D0373,Eshana Varty,DL53C8966,SUV,2,Noida,2022-07-18,4.9
D0374,Amruta Karnik,DL67A5996,Bike,4,Delhi,2026-06-14,4.1
D0375,Urmi Mitter,DL19A4851,Auto,11,Ghaziabad,2021-09-02,4.9
D0376,Damini Nath,DL03B1553,SUV,5,Ghaziabad,2024-09-11,4.0
D0377,Divya Sengupta,DL11A5572,Bike,7,Ghaziabad,2021-02-18,3.5
D0378,Maya Sahni,DL49B8274,Mini,4,Noida,2018-07-25,4.1
D0379,Christopher Rege,DL85B9724,Mini,11,Gurugram,2021-07-10,3.5
D0380,Tanmayi Mahal,DL98B1425,Bike,13,Gurugram,2018-09-06,4.9
D0381,Sathvik Kunda,DL34C4547,Mini,6,Ghaziabad,2021-01-08,4.8
D0382,Arjun Nagy,DL94C1935,Mini,9,Ghaziabad,2022-02-25,4.9
D0383,Eshana Iyengar,DL87B9761,Auto,7,Gurugram,2025-04-19,3.7
D0384,Yahvi Sarraf,DL49B4903,Sedan,15,Delhi,2025-10-19,3.9
D0385,Hredhaan Borde,DL88B2401,Sedan,13,Gurugram,2020-08-01,4.0
D0386,Eshana Srinivasan,DL51A5493,SUV,5,Gurugram,2024-08-25,4.7
D0387,Chakradhar Ramakrishnan,DL99C1202,Mini,5,Gurugram,2024-05-13,4.8
D0388,Zaid Mammen,DL23B8581,Mini,8,Delhi,2023-09-04,4.2
D0389,Daniel Chaudhuri,DL46B4569,Auto,1,Delhi,2018-12-29,3.9
D0390,Anya Yogi,DL79C6145,Mini,8,Noida,2021-08-28,3.9
D0391,Bhavani Choudhry,DL36B9108,Sedan,4,Noida,2022-07-12,3.7
D0392,Ethan Nair,DL80C1812,Sedan,2,Delhi,2025-02-09,3.8
D0393,Max Dora,DL65B6199,Mini,9,Noida,2023-07-14,3.6
D0394,Ryan Chakrabarti,DL92B5217,Mini,11,Gurugram,2022-03-30,4.3
D0395,Falak Lad,DL06C4845,SUV,2,Delhi,2023-04-02,4.3
D0396,Anthony Dey,DL15C2268,Sedan,4,Gurugram,2025-01-30,4.4
D0397,Dipta Patel,DL88B2169,Auto,15,Gurugram,2026-03-20,3.7
D0398,Tanish Gour,DL42C6902,SUV,7,Gurugram,2021-04-01,4.2
D0399,Vedant Sharma,DL38C1510,Sedan,6,Delhi,2021-08-06,3.9
D0400,Rushil Lad,DL20C1418,Mini,10,Noida,2020-09-08,4.7
D0401,Logan Dar,DL66C9326,Bike,12,Gurugram,2023-12-24,4.9
D0402,Prisha Randhawa,DL49C1534,Sedan,7,Delhi,2025-05-16,4.9
D0403,Chanakya Wadhwa,DL29C9249,Bike,11,Ghaziabad,2019-01-11,4.3
D0404,Amol Sarkar,DL16C1842,Bike,8,Ghaziabad,2018-10-15,4.0
D0405,Vyanjana Mandal,DL25C5801,Sedan,6,Noida,2023-05-28,4.7
D0406,Ekalinga Borra,DL47A8468,SUV,12,Delhi,2023-04-29,4.5
D0407,Isaiah Wali,DL57C7716,SUV,2,Gurugram,2019-11-11,4.3
D0408,Upadhriti Halder,DL10B8932,Bike,4,Ghaziabad,2024-11-29,4.7
D0409,Raagini Malhotra,DL30C3052,Bike,4,Ghaziabad,2022-06-23,4.5
D0410,Max Narayanan,DL86A5264,SUV,6,Gurugram,2019-02-19,3.7
D0411,Harinakshi Setty,DL53B9274,Sedan,10,Ghaziabad,2023-01-02,4.4
D0412,Ansh Ratti,DL99A3947,Auto,1,Noida,2023-05-28,3.7
D0413,Abeer Ramakrishnan,DL34C8698,Mini,3,Delhi,2018-09-04,4.8
D0414,Umang Naidu,DL04C3735,Mini,3,Ghaziabad,2022-02-24,4.9
D0415,Aashi Kapoor,DL46A7591,Bike,4,Gurugram,2023-06-27,3.7
D0416,Tanvi Iyer,DL44C2765,Mini,2,Gurugram,2025-01-24,4.9
D0417,Michael Gulati,DL53C8368,Auto,5,Ghaziabad,2025-02-02,4.6
D0418,Samuel Morar,DL94A9345,Mini,3,Delhi,2020-01-23,4.4
D0419,Atharv Walla,DL48C8430,Auto,6,Ghaziabad,2023-08-21,3.8
D0420,Joshua Zachariah,DL93C5576,Mini,4,Gurugram,2021-06-24,4.2
D0421,Falak Murty,DL07C9481,Bike,10,Ghaziabad,2026-05-31,3.9
D0422,Sathvik Jaggi,DL50B3923,Sedan,1,Noida,2021-02-03,4.1
D0423,Panini Madan,DL36C6150,Mini,6,Gurugram,2020-06-30,3.7
D0424,Isha Bala,DL37B8973,Auto,4,Noida,2019-09-07,3.9
D0425,Jatin Prashad,DL34C2738,Sedan,11,Gurugram,2018-09-24,3.7
D0426,Sathvik Rai,DL27C9334,Sedan,1,Delhi,2018-12-07,4.9
D0427,Reva Rastogi,DL70C4197,Mini,8,Delhi,2020-03-16,4.1
D0428,Lajita Dash,DL37C7987,Auto,9,Noida,2019-04-22,4.7
D0429,Yashawini Varty,DL38A2965,Auto,15,Ghaziabad,2019-07-21,4.2
D0430,Shaurya Dara,DL12A5562,Mini,6,Delhi,2022-09-04,4.6
D0431,Edhitha Sagar,DL29C2218,SUV,3,Gurugram,2020-02-21,3.9
D0432,Gautam Tripathi,DL81C9402,Mini,12,Gurugram,2021-07-30,4.8
D0433,Aadhya Trivedi,DL05B2645,Bike,6,Noida,2019-06-20,4.8
D0434,Amol Amble,DL85C1583,Mini,4,Noida,2021-09-30,4.4
D0435,Mugdha Chaudhry,DL29C4205,SUV,8,Noida,2021-07-13,4.2
D0436,Dayita Bhattacharyya,DL24C9138,SUV,3,Noida,2022-03-17,4.5
D0437,Veer Chad,DL12C4509,Mini,7,Delhi,2024-01-18,4.2
D0438,Urishilla Babu,DL79A3918,Mini,7,Gurugram,2020-11-07,4.4
D0439,Chakradev Dhaliwal,DL81C4845,SUV,8,Noida,2025-09-21,4.8
D0440,Peter Andra,DL30B8947,Auto,13,Ghaziabad,2019-08-09,4.4
D0441,Logan Singhal,DL70B5840,Mini,4,Delhi,2024-12-31,4.9
D0442,Darsh Kadakia,DL97B7874,Auto,6,Noida,2025-11-19,4.5
D0443,Kamya Sachdeva,DL15A8614,SUV,11,Delhi,2025-07-08,4.0
D0444,Oni Gera,DL51C3098,Auto,14,Ghaziabad,2020-01-01,4.4
D0445,Pratyush Patla,DL88A1474,SUV,5,Noida,2025-12-29,4.8
D0446,Nicholas Balan,DL53A6295,SUV,11,Gurugram,2022-09-30,4.1
D0447,Damini Raval,DL57B7531,SUV,15,Delhi,2023-11-01,3.9
D0448,Alka Nagi,DL94A6567,Mini,5,Ghaziabad,2018-10-04,4.1
D0449,Garima Balakrishnan,DL74A9782,Sedan,13,Delhi,2026-01-28,4.9
D0450,Bakhshi Dhawan,DL79C6401,Sedan,10,Delhi,2026-04-15,4.9
D0451,Chakradhar Zacharia,DL03B2478,SUV,15,Gurugram,2021-09-21,4.7
D0452,Nakul Chaudhry,DL71A1806,Bike,4,Gurugram,2018-08-23,4.3
D0453,Udant Chanda,DL21C7480,Sedan,5,Noida,2022-02-01,4.9
D0454,Isaiah Soni,DL43B4532,Bike,12,Noida,2022-06-19,4.9
D0455,Ria Desai,DL05A9627,Mini,9,Ghaziabad,2025-10-21,4.7
D0456,Deepa Soni,DL06A5638,SUV,1,Noida,2022-07-05,4.4
D0457,Kabir Naidu,DL89A1553,SUV,12,Delhi,2024-02-06,4.7
D0458,Gopal Sridhar,DL49C7565,Sedan,14,Gurugram,2022-09-16,4.8
D0459,Jeremiah Kanda,DL10A9265,Auto,1,Delhi,2022-11-23,4.6
D0460,Luke Kar,DL70C3487,Mini,12,Ghaziabad,2024-02-15,3.8
D0461,Girish Raval,DL78B6303,Auto,9,Delhi,2020-12-01,4.0
D0462,Zaid Kara,DL59A2633,SUV,11,Ghaziabad,2020-08-24,4.1
D0463,Charvi Narasimhan,DL55A4641,Auto,9,Gurugram,2024-07-23,4.2
D0464,Zinal Varughese,DL90C9300,Sedan,7,Delhi,2023-06-05,5.0
D0465,Karan Narang,DL94B7106,Bike,12,Delhi,2022-02-08,4.2
D0466,Maanav Banerjee,DL74A7510,Sedan,8,Gurugram,2024-11-16,4.2
D0467,Chanakya Hora,DL14C6089,SUV,3,Delhi,2020-01-24,3.6
D0468,Luke Bandi,DL22A9025,Bike,4,Delhi,2025-08-15,3.7
D0469,Neel Ranganathan,DL79B9575,Bike,13,Noida,2021-04-05,3.6
D0470,Vasana Sule,DL64B7747,SUV,12,Gurugram,2025-10-23,4.8
D0471,Raghav Ravi,DL05B7660,Mini,5,Noida,2022-05-12,4.6
D0472,Sudiksha Lall,DL63C9188,SUV,11,Noida,2023-02-27,4.0
D0473,Jacob Mammen,DL91B9428,Bike,14,Delhi,2024-02-03,4.9
D0474,Geetika Grewal,DL55C2269,Auto,3,Delhi,2020-09-08,3.7
D0475,Vinaya Shan,DL96A3722,Sedan,8,Delhi,2024-02-27,3.6
D0476,Hema Venkataraman,DL55B3797,Bike,8,Noida,2020-10-01,4.6
D0477,Jasmit Sandhu,DL71B7543,Mini,5,Delhi,2023-12-24,4.2
D0478,Jonathan Chandra,DL38C5441,Bike,6,Gurugram,2020-06-12,4.3
D0479,Indrajit Dara,DL22A5754,Bike,11,Noida,2023-03-14,4.7
D0480,Jonathan Palan,DL92B9509,Bike,5,Ghaziabad,2021-02-15,4.2
D0481,Rajata Butala,DL43C3217,Sedan,9,Ghaziabad,2025-11-21,3.5
D0482,Mitali Vaidya,DL54A3463,Auto,2,Delhi,2020-03-04,4.0
D0483,Tristan Badal,DL25A2537,Bike,8,Gurugram,2020-03-16,3.6
D0484,Max Wali,DL80B3563,Mini,6,Noida,2022-12-25,4.0
D0485,Janani Zacharia,DL02A5498,SUV,14,Ghaziabad,2020-06-22,4.4
D0486,Kavya Dutt,DL40B7607,SUV,9,Noida,2019-05-15,3.6
D0487,Upkaar Doshi,DL20A4546,SUV,3,Gurugram,2023-02-12,4.3
D0488,Samaksh Mallick,DL17C7274,SUV,10,Gurugram,2018-12-06,4.9
D0489,Chaman Ramakrishnan,DL95C8756,Sedan,3,Delhi,2026-03-07,4.7
D0490,Vamakshi Sidhu,DL28A3400,Sedan,3,Ghaziabad,2021-04-03,4.8
D0491,Charita Acharya,DL42A1855,Sedan,9,Ghaziabad,2019-02-25,4.1
D0492,Devika Joshi,DL61B5957,Bike,13,Delhi,2026-05-14,3.9
D0493,Daniel Roy,DL51B7316,Auto,6,Gurugram,2019-09-16,4.8
D0494,Vasana Dyal,DL41C2281,Bike,14,Noida,2025-01-07,4.9
D0495,Mahika Dutta,DL82B3341,Auto,9,Ghaziabad,2024-01-05,4.2
D0496,Mahika Hari,DL33C2970,Bike,15,Ghaziabad,2020-08-18,4.5
D0497,Ekavir Kara,DL23A6991,Auto,13,Gurugram,2020-11-12,4.6
D0498,Neelima Dasgupta,DL28C4129,Auto,6,Noida,2024-09-09,4.9
D0499,Samesh Sawhney,DL02A8243,SUV,9,Noida,2019-09-23,3.5
D0500,Falak Apte,DL40B2541,SUV,15,Gurugram,2023-12-07,4.3
D0501,Deepa Viswanathan,DL02C5473,Mini,11,Gurugram,2019-05-22,4.5
D0502,Vincent Sarma,DL51A5145,SUV,11,Delhi,2021-01-21,5.0
D0503,Suhani Dube,DL04C8713,Bike,11,Ghaziabad,2019-02-11,4.2
D0504,Anita Baria,DL61C9938,Mini,1,Gurugram,2021-10-05,3.5
D0505,Isaiah Shukla,DL92A3898,Sedan,2,Ghaziabad,2022-02-20,4.8
D0506,Vidhi Manne,DL16A8264,Mini,6,Delhi,2020-06-04,4.8
D0507,Gaurang Patil,DL36A1273,SUV,14,Gurugram,2020-07-26,4.8
D0508,Rachana Sama,DL22C7000,Bike,1,Ghaziabad,2018-12-31,4.1
D0509,Ati Majumdar,DL86C2007,Mini,4,Noida,2026-03-18,4.6
D0510,Yashoda Narasimhan,DL11A8264,Mini,5,Noida,2022-01-31,4.5
D0511,Ishanvi Chacko,DL53A1052,SUV,5,Gurugram,2018-08-17,3.7
D0512,Vedika Kibe,DL60C2410,Bike,15,Ghaziabad,2023-07-01,3.6
D0513,Timothy Saraf,DL12A2415,Sedan,6,Delhi,2024-03-06,4.7
D0514,Hemang Sura,DL02A7136,Auto,2,Noida,2023-04-14,4.0
D0515,Zilmil Raja,DL88C4130,Sedan,5,Delhi,2018-11-15,4.1
D0516,Guneet Chandran,DL37A5570,Sedan,10,Gurugram,2019-07-07,4.1
D0517,Jalsa Sama,DL25B4264,Sedan,5,Gurugram,2025-06-13,4.5
D0518,Balveer Palan,DL34A9026,SUV,10,Gurugram,2024-01-08,4.0
D0519,Triveni Virk,DL83C8367,Sedan,1,Ghaziabad,2018-10-31,3.7
D0520,Rachana Bal,DL73A8108,SUV,11,Gurugram,2020-05-09,3.8
D0521,Arjun Narasimhan,DL90C5406,Mini,9,Noida,2019-05-10,3.9
D0522,Nitara Balakrishnan,DL60B1515,Mini,9,Noida,2024-09-19,4.2
D0523,Zehaan Parmer,DL60C6291,SUV,10,Ghaziabad,2025-06-23,4.5
D0524,Indira Kothari,DL05B2713,SUV,14,Delhi,2020-11-13,3.7
D0525,Champak Nair,DL61B6516,Mini,3,Gurugram,2022-05-31,4.0
D0526,Naveen Kadakia,DL60C4050,Mini,8,Ghaziabad,2023-04-08,4.4
D0527,Nandini Pall,DL89B7542,Auto,14,Noida,2025-02-27,3.9
D0528,Xalak Chakraborty,DL48C6535,Auto,11,Ghaziabad,2021-05-09,4.0
D0529,Vedant Nadig,DL30C2767,Auto,7,Gurugram,2025-07-25,4.9
D0530,Harrison Chana,DL52C1467,Sedan,9,Noida,2023-12-15,4.9
D0531,Dhriti Tank,DL77C9586,Sedan,10,Noida,2023-12-15,3.7
D0532,Lavanya Jain,DL43A2481,SUV,13,Noida,2020-10-07,4.7
D0533,Indali Nazareth,DL59B3708,Auto,1,Noida,2025-05-15,3.8
D0534,Janaki Dutta,DL23B6038,Mini,3,Noida,2019-12-13,4.8
D0535,Amol Choudhury,DL56A5009,Sedan,11,Gurugram,2020-02-17,3.5
D0536,Yashawini Minhas,DL21B2636,Auto,9,Ghaziabad,2024-12-14,4.5
D0537,Mitali Borra,DL61C7165,Auto,12,Noida,2020-03-16,4.6
D0538,Gautam Ravel,DL13B3105,SUV,13,Noida,2025-10-06,4.1
D0539,Madhav Oak,DL42B7956,Bike,7,Delhi,2023-01-18,4.0
D0540,Mekhala Deol,DL86C1440,Sedan,15,Noida,2026-05-09,4.7
D0541,Hemang Memon,DL48B6568,Bike,14,Delhi,2023-09-25,4.4
D0542,Ekiya Kar,DL97B2265,Sedan,3,Ghaziabad,2022-04-12,3.8
D0543,Yatan Dubey,DL28B8133,Mini,6,Ghaziabad,2024-03-11,4.5
D0544,Atharv Talwar,DL55A5668,SUV,7,Ghaziabad,2020-06-04,3.6
D0545,Yatan Kara,DL54A3679,Auto,11,Delhi,2022-04-06,4.2
D0546,Maanav Arora,DL11B2661,Auto,13,Delhi,2021-01-15,3.7
D0547,Ansh Subramanian,DL17C9306,Auto,11,Ghaziabad,2025-08-23,3.5
D0548,Oeshi Handa,DL84C7581,Auto,13,Delhi,2022-01-09,4.0
D0549,Zilmil Ratta,DL34C2899,Bike,13,Ghaziabad,2023-11-07,4.3
D0550,Advika Patla,DL61C6489,Bike,6,Delhi,2025-05-08,4.7
D0551,Raagini Prabhakar,DL55C7282,Mini,3,Delhi,2021-08-13,4.0
D0552,Ekaja Zachariah,DL91C5224,Sedan,9,Ghaziabad,2021-07-21,4.2
D0553,Krish Nagy,DL60B1652,Mini,14,Ghaziabad,2025-10-30,4.2
D0554,Kabir Char,DL07C7050,SUV,7,Gurugram,2026-04-27,4.5
D0555,Dipta Cheema,DL99A9892,SUV,3,Gurugram,2025-05-20,4.0
D0556,Ijaya Kapur,DL03B6318,SUV,11,Delhi,2022-06-22,4.4
D0557,Chatresh Sharma,DL46C1599,Bike,12,Ghaziabad,2023-10-12,3.9
D0558,Widisha Sarin,DL11C2549,Sedan,12,Noida,2019-01-24,4.4
D0559,Anthony Sen,DL56B6658,Auto,12,Noida,2023-04-09,4.9
D0560,Idika Sood,DL94C8510,Mini,2,Gurugram,2025-11-23,4.1
D0561,Devansh Pandya,DL19C2656,Auto,9,Delhi,2019-01-27,4.0
D0562,Zayyan Bala,DL82C5947,Auto,7,Delhi,2024-08-02,3.8
D0563,Raagini Deol,DL96B2298,Auto,2,Noida,2021-11-20,4.4
D0564,Siya Mukherjee,DL39C9422,Bike,14,Noida,2023-02-04,4.5
D0565,Ganga Kaul,DL07B8748,Sedan,13,Ghaziabad,2023-05-13,3.9
D0566,Maanas Zacharia,DL89A5535,Bike,11,Delhi,2024-04-23,4.4
D0567,Abeer Bera,DL24C5668,SUV,1,Ghaziabad,2024-07-28,3.8
D0568,Jagdish Bobal,DL54C3126,SUV,5,Ghaziabad,2023-09-27,4.4
D0569,Odika Edwin,DL82B2591,Sedan,4,Delhi,2024-09-29,4.6
D0570,Yuvraj Gola,DL29A5715,Bike,14,Ghaziabad,2025-08-16,4.4
D0571,Ayushman Talwar,DL82C6386,Bike,7,Ghaziabad,2024-09-17,4.9
D0572,Garima Chakraborty,DL02B6580,SUV,6,Ghaziabad,2019-04-26,3.7
D0573,Lila Reddy,DL96B4451,Bike,12,Noida,2021-10-04,4.5
D0574,Lakshit Oza,DL33B1528,Bike,2,Ghaziabad,2020-01-27,4.3
D0575,Deepa Pant,DL45A4400,Bike,6,Gurugram,2020-01-10,3.9
D0576,Zayyan Tata,DL41B8657,Mini,3,Noida,2019-04-15,4.4
D0577,Abha Ratti,DL73B7805,Mini,13,Gurugram,2020-03-22,4.3
D0578,Indali Bumb,DL63A7148,Bike,3,Ghaziabad,2021-05-28,4.4
D0579,Girindra Viswanathan,DL16A7483,Sedan,4,Delhi,2020-09-15,4.4
D0580,Darsh Bhargava,DL23A7571,Bike,7,Gurugram,2024-04-28,4.6
D0581,Girish Ganguly,DL54C5569,SUV,13,Gurugram,2018-07-13,4.4
D0582,Aayush Narain,DL86C6206,Bike,9,Ghaziabad,2021-10-15,3.8
D0583,Ayaan Prasad,DL52B8600,SUV,14,Ghaziabad,2025-10-28,3.7
D0584,Orinder Gulati,DL23B5725,Mini,9,Gurugram,2023-12-06,4.6
D0585,Qabil Wason,DL84A2610,Auto,10,Ghaziabad,2020-05-16,5.0
D0586,Gunbir Dubey,DL53A1475,Bike,4,Noida,2023-08-14,4.4
D0587,Peter Sastry,DL65A7697,Mini,6,Noida,2024-07-10,3.7
D0588,Yashica Dixit,DL81B2490,SUV,1,Ghaziabad,2025-06-11,4.3
D0589,Azaan Barad,DL25A8500,SUV,12,Noida,2026-06-21,3.8
D0590,Devika Manne,DL92A6287,Sedan,5,Delhi,2019-06-07,4.8
D0591,Pranit Vasa,DL27C8555,Auto,4,Ghaziabad,2019-12-10,5.0
D0592,Widisha Hans,DL23B9195,Mini,13,Gurugram,2023-08-26,4.8
D0593,Geetika Sha,DL21A8572,Mini,1,Delhi,2026-06-01,4.5
D0594,Sara Dada,DL53C8703,Auto,2,Ghaziabad,2024-03-15,4.9
D0595,Hamsini Koshy,DL92C2982,Bike,11,Delhi,2021-08-17,4.2
D0596,Wriddhish Swaminathan,DL93A5799,Auto,14,Delhi,2020-02-13,4.0
D0597,Benjamin Parmar,DL92C8209,Auto,13,Delhi,2019-01-06,3.7
D0598,Hardik Venkatesh,DL34C2831,Sedan,6,Ghaziabad,2019-04-16,4.5
D0599,Meera Iyer,DL19A8906,Sedan,5,Delhi,2020-12-01,4.0
D0600,Krishna Sem,DL89A8507,Auto,13,Noida,2025-01-04,4.6
